

INSERT INTO `si_banner` VALUES (10,'ad',1);
INSERT INTO `si_banner` VALUES (9,'首页横幅',1);
INSERT INTO `si_banner` VALUES (11,'品牌展示',1);
INSERT INTO `si_banner` VALUES (12,'分类广告',1);


INSERT INTO `si_banner_image_description` VALUES (90,1,9,'促销活动2');
INSERT INTO `si_banner_image_description` VALUES (93,1,10,'AD');
INSERT INTO `si_banner_image_description` VALUES (94,1,11,'佐丹奴');
INSERT INTO `si_banner_image_description` VALUES (95,1,11,'BASTO');
INSERT INTO `si_banner_image_description` VALUES (96,1,11,'Adidas');
INSERT INTO `si_banner_image_description` VALUES (97,1,11,'ELLE');
INSERT INTO `si_banner_image_description` VALUES (98,1,11,'Westside');
INSERT INTO `si_banner_image_description` VALUES (99,1,11,'Justyle');
INSERT INTO `si_banner_image_description` VALUES (101,1,12,'分类AD');

INSERT INTO `si_url_alias` VALUES (1401,'category_id=78','充值卡');
INSERT INTO `si_url_alias` VALUES (56546,'category_id=79','创意产品');
INSERT INTO `si_url_alias` VALUES (1403,'category_id=69','化妆品');
INSERT INTO `si_url_alias` VALUES (1404,'category_id=63','台式机');
INSERT INTO `si_url_alias` VALUES (1405,'category_id=64','女装');
INSERT INTO `si_url_alias` VALUES (1406,'category_id=72','家居家装');
INSERT INTO `si_url_alias` VALUES (1407,'category_id=68','平板');
INSERT INTO `si_url_alias` VALUES (1408,'category_id=80','手工产品');
INSERT INTO `si_url_alias` VALUES (1409,'category_id=66','手机');
INSERT INTO `si_url_alias` VALUES (1410,'category_id=60','数码产品');
INSERT INTO `si_url_alias` VALUES (1411,'category_id=67','智能手机');
INSERT INTO `si_url_alias` VALUES (1412,'category_id=77','游戏点卡');
INSERT INTO `si_url_alias` VALUES (1413,'category_id=73','灯具');
INSERT INTO `si_url_alias` VALUES (1414,'category_id=65','男装');
INSERT INTO `si_url_alias` VALUES (1415,'category_id=62','笔记本');
INSERT INTO `si_url_alias` VALUES (1416,'category_id=75','红酒');
INSERT INTO `si_url_alias` VALUES (1417,'category_id=76','虚拟产品');
INSERT INTO `si_url_alias` VALUES (1418,'category_id=71','面部护理');
INSERT INTO `si_url_alias` VALUES (1419,'category_id=74','饮料');
INSERT INTO `si_url_alias` VALUES (1420,'category_id=70','香水');
INSERT INTO `si_url_alias` VALUES (1421,'category_id=61','服装');
INSERT INTO `si_url_alias` VALUES (1430,'information_id=4','关于我们');
INSERT INTO `si_url_alias` VALUES (1431,'information_id=5','相关条款');
INSERT INTO `si_url_alias` VALUES (1432,'information_id=3','购买条款');
INSERT INTO `si_url_alias` VALUES (1433,'information_id=6','送货说明');
INSERT INTO `si_url_alias` VALUES (1434,'manufacturer_id=8','Apple');
INSERT INTO `si_url_alias` VALUES (1435,'manufacturer_id=9','Canon');
INSERT INTO `si_url_alias` VALUES (1436,'manufacturer_id=5','HTC');
INSERT INTO `si_url_alias` VALUES (1437,'manufacturer_id=7','Hewlett-Packard');
INSERT INTO `si_url_alias` VALUES (1438,'manufacturer_id=6','Palm');
INSERT INTO `si_url_alias` VALUES (1439,'manufacturer_id=10','Sony');
INSERT INTO `si_url_alias` VALUES (56548,'product_id=55170','test-green');
INSERT INTO `si_url_alias` VALUES (56549,'product_id=55169','test-yellow');
INSERT INTO `si_url_alias` VALUES (56550,'product_id=55171','测试数据-绿色款');
INSERT INTO `si_url_alias` VALUES (31591,'product_id=30229','测试数据1');
INSERT INTO `si_url_alias` VALUES (56555,'product_id=55176','测试数据-黄色款');
INSERT INTO `si_url_alias` VALUES (56554,'product_id=55175','测试数据-黄色款');
INSERT INTO `si_url_alias` VALUES (56553,'product_id=55174','测试数据-黄色款');
INSERT INTO `si_url_alias` VALUES (56557,'product_id=55172','测试数据-绿色款');
INSERT INTO `si_url_alias` VALUES (56556,'product_id=55173','测试数据-绿色款');


INSERT INTO `si_product_to_category` VALUES (30229,79);
INSERT INTO `si_product_to_category` VALUES (55169,61);
INSERT INTO `si_product_to_category` VALUES (55169,64);
INSERT INTO `si_product_to_category` VALUES (55170,61);
INSERT INTO `si_product_to_category` VALUES (55170,64);
INSERT INTO `si_product_to_category` VALUES (55171,61);
INSERT INTO `si_product_to_category` VALUES (55171,64);
INSERT INTO `si_product_to_category` VALUES (55172,61);
INSERT INTO `si_product_to_category` VALUES (55172,64);
INSERT INTO `si_product_to_category` VALUES (55173,61);
INSERT INTO `si_product_to_category` VALUES (55173,64);
INSERT INTO `si_product_to_category` VALUES (55174,61);
INSERT INTO `si_product_to_category` VALUES (55174,64);
INSERT INTO `si_product_to_category` VALUES (55175,61);
INSERT INTO `si_product_to_category` VALUES (55175,64);
INSERT INTO `si_product_to_category` VALUES (55176,61);
INSERT INTO `si_product_to_category` VALUES (55176,64);


INSERT INTO `si_banner_image` VALUES (90,9,'#','data/banner/banner-2.png');
INSERT INTO `si_banner_image` VALUES (93,10,'#','data/home-ad.png');
INSERT INTO `si_banner_image` VALUES (94,11,'','data/brand/brand-1.jpg');
INSERT INTO `si_banner_image` VALUES (95,11,'','data/brand/brand-2.jpg');
INSERT INTO `si_banner_image` VALUES (96,11,'','data/brand/brand-3.jpg');
INSERT INTO `si_banner_image` VALUES (97,11,'','data/brand/brand-4.jpg');
INSERT INTO `si_banner_image` VALUES (98,11,'','data/brand/brand-5.jpg');
INSERT INTO `si_banner_image` VALUES (99,11,'','data/brand/brand-6.jpg');
INSERT INTO `si_banner_image` VALUES (101,12,'#','data/demo/cate-banner-2.png');


INSERT INTO `si_product_image` VALUES (142928,55176,'data/demo/test-2-3.jpg');
INSERT INTO `si_product_image` VALUES (142927,55176,'data/demo/test-2-4.jpg');
INSERT INTO `si_product_image` VALUES (142926,55176,'data/demo/test-2-2.jpg');
INSERT INTO `si_product_image` VALUES (142925,55175,'data/demo/test-2-2.jpg');
INSERT INTO `si_product_image` VALUES (142924,55175,'data/demo/test-2-4.jpg');
INSERT INTO `si_product_image` VALUES (142923,55175,'data/demo/test-2-3.jpg');
INSERT INTO `si_product_image` VALUES (142922,55174,'data/demo/test-2-3.jpg');
INSERT INTO `si_product_image` VALUES (142921,55174,'data/demo/test-2-4.jpg');
INSERT INTO `si_product_image` VALUES (142920,55174,'data/demo/test-2-2.jpg');
INSERT INTO `si_product_image` VALUES (142931,55173,'data/demo/test-2.jpg');
INSERT INTO `si_product_image` VALUES (142930,55173,'data/demo/test-3.jpg');
INSERT INTO `si_product_image` VALUES (142929,55173,'data/demo/test-4.jpg');
INSERT INTO `si_product_image` VALUES (142934,55172,'data/demo/test-4.jpg');
INSERT INTO `si_product_image` VALUES (142933,55172,'data/demo/test-3.jpg');
INSERT INTO `si_product_image` VALUES (142932,55172,'data/demo/test-2.jpg');
INSERT INTO `si_product_image` VALUES (142913,55171,'data/demo/test-4.jpg');
INSERT INTO `si_product_image` VALUES (142912,55171,'data/demo/test-3.jpg');
INSERT INTO `si_product_image` VALUES (142911,55171,'data/demo/test-2.jpg');
INSERT INTO `si_product_image` VALUES (142910,55169,'data/demo/test-2-2.jpg');
INSERT INTO `si_product_image` VALUES (142907,55170,'data/demo/test-2.jpg');
INSERT INTO `si_product_image` VALUES (142906,55170,'data/demo/test-3.jpg');
INSERT INTO `si_product_image` VALUES (142905,55170,'data/demo/test-4.jpg');
INSERT INTO `si_product_image` VALUES (142908,55169,'data/demo/test-2-4.jpg');
INSERT INTO `si_product_image` VALUES (142909,55169,'data/demo/test-2-3.jpg');



INSERT INTO `si_product_option` VALUES (90434,55176,15,'',1);
INSERT INTO `si_product_option` VALUES (90433,55175,15,'',1);
INSERT INTO `si_product_option` VALUES (90432,55174,15,'',1);
INSERT INTO `si_product_option` VALUES (90435,55173,15,'',1);
INSERT INTO `si_product_option` VALUES (90436,55172,15,'',1);
INSERT INTO `si_product_option` VALUES (90429,55171,15,'',1);
INSERT INTO `si_product_option` VALUES (90428,55169,15,'',1);
INSERT INTO `si_product_option` VALUES (90427,55170,15,'',1);

INSERT INTO `si_product_option_value` VALUES (215471,90434,55176,15,54,0,0,0.0000,'',0,'',0.00000000,'',55176,'');
INSERT INTO `si_product_option_value` VALUES (215470,90434,55176,15,55,0,0,0.0000,'',0,'',0.00000000,'',55170,'测试数据-绿色款');
INSERT INTO `si_product_option_value` VALUES (215469,90433,55175,15,55,0,0,0.0000,'',0,'',0.00000000,'',55170,'测试数据-绿色款');
INSERT INTO `si_product_option_value` VALUES (215468,90433,55175,15,54,0,0,0.0000,'',0,'',0.00000000,'',55175,'');
INSERT INTO `si_product_option_value` VALUES (215467,90432,55174,15,54,0,0,0.0000,'',0,'',0.00000000,'',55174,'');
INSERT INTO `si_product_option_value` VALUES (215466,90432,55174,15,55,0,0,0.0000,'',0,'',0.00000000,'',55170,'测试数据-绿色款');
INSERT INTO `si_product_option_value` VALUES (215473,90435,55173,15,55,0,0,0.0000,'',0,'',0.00000000,'',55173,'');
INSERT INTO `si_product_option_value` VALUES (215472,90435,55173,15,54,0,0,0.0000,'',0,'',0.00000000,'',55169,'测试数据-黄色款');
INSERT INTO `si_product_option_value` VALUES (215474,90436,55172,15,55,0,0,0.0000,'',0,'',0.00000000,'',55172,'');
INSERT INTO `si_product_option_value` VALUES (215475,90436,55172,15,54,0,0,0.0000,'',0,'',0.00000000,'',55169,'测试数据-黄色款');
INSERT INTO `si_product_option_value` VALUES (215461,90429,55171,15,54,0,0,0.0000,'',0,'',0.00000000,'',55169,'测试数据-黄色款');
INSERT INTO `si_product_option_value` VALUES (215460,90429,55171,15,55,0,0,0.0000,'',0,'',0.00000000,'',55171,'');
INSERT INTO `si_product_option_value` VALUES (215459,90428,55169,15,55,0,0,0.0000,'',0,'',0.00000000,'',55170,'测试数据-绿色款');
INSERT INTO `si_product_option_value` VALUES (215456,90427,55170,15,55,0,0,0.0000,'',0,'',0.00000000,'',55170,'');
INSERT INTO `si_product_option_value` VALUES (215457,90427,55170,15,54,0,0,0.0000,'',0,'',0.00000000,'',55169,'测试数据-黄色款');
INSERT INTO `si_product_option_value` VALUES (215458,90428,55169,15,54,0,0,0.0000,'',0,'',0.00000000,'',55169,'');


INSERT INTO `si_product_special` VALUES (30602,30229,8,0,99.0000,'2012-06-01','2012-06-30');

INSERT INTO `si_manufacturer` VALUES (5,'HTC','data/htc_logo.jpg',0);
INSERT INTO `si_manufacturer` VALUES (6,'Palm','data/palm_logo.jpg',0);
INSERT INTO `si_manufacturer` VALUES (7,'Hewlett-Packard','data/hp_logo.jpg',0);
INSERT INTO `si_manufacturer` VALUES (8,'Apple','data/c-1.jpg',0);
INSERT INTO `si_manufacturer` VALUES (9,'Canon','data/canon_logo.jpg',0);
INSERT INTO `si_manufacturer` VALUES (10,'Sony','data/sony_logo.jpg',0);

INSERT INTO `si_manufacturer_description` VALUES (5,1,'HTC','');
INSERT INTO `si_manufacturer_description` VALUES (6,1,'Palm','');
INSERT INTO `si_manufacturer_description` VALUES (7,1,'Hewlett-Packard','');
INSERT INTO `si_manufacturer_description` VALUES (8,1,'Apple','');
INSERT INTO `si_manufacturer_description` VALUES (9,1,'Canon','');
INSERT INTO `si_manufacturer_description` VALUES (10,1,'Sony','');

INSERT INTO `si_manufacturer_to_store` VALUES (5,0);
INSERT INTO `si_manufacturer_to_store` VALUES (6,0);
INSERT INTO `si_manufacturer_to_store` VALUES (7,0);
INSERT INTO `si_manufacturer_to_store` VALUES (8,0);
INSERT INTO `si_manufacturer_to_store` VALUES (9,0);
INSERT INTO `si_manufacturer_to_store` VALUES (10,0);

INSERT INTO `si_category` VALUES (68,'平板','',66,0,1,0,1,'2012-05-13 01:57:42','2012-05-13 01:57:42');
INSERT INTO `si_category` VALUES (69,'化妆品','',0,1,1,0,1,'2012-05-13 01:58:05','2012-05-13 01:58:05');
INSERT INTO `si_category` VALUES (63,'台式机','',60,0,1,0,1,'2012-04-13 20:30:39','2012-04-13 20:30:39');
INSERT INTO `si_category` VALUES (64,'nvzhuang','',61,0,1,0,1,'2012-04-13 20:31:01','2012-04-13 20:31:01');
INSERT INTO `si_category` VALUES (65,'男装','',61,0,1,0,1,'2012-05-13 01:55:44','2012-05-13 01:55:44');
INSERT INTO `si_category` VALUES (66,'手机','',0,1,1,0,1,'2012-05-13 01:56:51','2012-05-13 01:56:51');
INSERT INTO `si_category` VALUES (67,'智能手机','',66,0,1,0,1,'2012-05-13 01:57:22','2012-05-13 01:57:22');
INSERT INTO `si_category` VALUES (62,'bijiben','',60,0,1,0,1,'2012-04-13 20:30:19','2012-04-13 20:30:19');
INSERT INTO `si_category` VALUES (61,'fuzhuang','data/c3.jpg',0,1,1,1,1,'2012-04-13 20:06:14','2012-05-16 20:52:53');
INSERT INTO `si_category` VALUES (60,'shuma','',0,1,1,0,1,'2012-04-13 20:05:48','2012-04-16 21:29:21');
INSERT INTO `si_category` VALUES (70,'','',69,0,1,0,1,'2012-05-13 01:58:21','2012-05-13 01:58:21');
INSERT INTO `si_category` VALUES (71,'','',69,0,1,0,1,'2012-05-13 01:58:34','2012-05-13 01:58:34');
INSERT INTO `si_category` VALUES (72,'','',0,1,1,0,1,'2012-05-13 01:59:01','2012-05-13 01:59:01');
INSERT INTO `si_category` VALUES (73,'','',72,0,1,0,1,'2012-05-13 01:59:20','2012-05-13 01:59:20');
INSERT INTO `si_category` VALUES (74,'','',0,1,1,0,1,'2012-05-13 01:59:53','2012-05-13 01:59:53');
INSERT INTO `si_category` VALUES (75,'','',74,0,1,0,1,'2012-05-13 02:00:02','2012-05-13 02:00:02');
INSERT INTO `si_category` VALUES (76,'','',0,1,1,0,1,'2012-05-13 02:00:36','2012-05-13 02:00:36');
INSERT INTO `si_category` VALUES (77,'','',76,0,1,0,1,'2012-05-13 02:00:50','2012-05-13 02:00:50');
INSERT INTO `si_category` VALUES (78,'','',76,0,1,0,1,'2012-05-13 02:01:03','2012-05-13 02:01:03');
INSERT INTO `si_category` VALUES (79,'','',0,1,1,0,1,'2012-05-13 02:02:21','2012-08-08 00:29:20');
INSERT INTO `si_category` VALUES (80,'','',79,0,1,0,1,'2012-05-13 02:04:16','2012-05-13 02:04:16');


INSERT INTO `si_category_to_store` VALUES (60,0);
INSERT INTO `si_category_to_store` VALUES (61,0);
INSERT INTO `si_category_to_store` VALUES (62,0);
INSERT INTO `si_category_to_store` VALUES  (63,0);
INSERT INTO `si_category_to_store` VALUES  (64,0);
INSERT INTO `si_category_to_store` VALUES (65,0);
INSERT INTO `si_category_to_store` VALUES  (66,0);
INSERT INTO `si_category_to_store` VALUES (67,0);
INSERT INTO `si_category_to_store` VALUES  (68,0);
INSERT INTO `si_category_to_store` VALUES  (69,0);
INSERT INTO `si_category_to_store` VALUES  (70,0);
INSERT INTO `si_category_to_store` VALUES  (71,0);
INSERT INTO `si_category_to_store` VALUES  (72,0);
INSERT INTO `si_category_to_store` VALUES  (73,0);
INSERT INTO `si_category_to_store` VALUES  (74,0);
INSERT INTO `si_category_to_store` VALUES  (75,0);
INSERT INTO `si_category_to_store` VALUES (76,0);
INSERT INTO `si_category_to_store` VALUES (77,0);
INSERT INTO `si_category_to_store` VALUES (78,0);
INSERT INTO `si_category_to_store` VALUES (79,0);
INSERT INTO `si_category_to_store` VALUES (80,0);


INSERT INTO `si_category_description` VALUES (60,1,'数码产品','&lt;p&gt;\r\n  数码产品&lt;/p&gt;\r\n','数码产品SEO描述','数码产品','数码产品关键字');
INSERT INTO `si_category_description` VALUES (61,1,'服装','&lt;div&gt;\r\n  亲爱的客户您好，您可以试试S号的哟！或者您也可以参考产品的尺码列表来选购哟！如果您喜欢这款商品就快来购买吧！不要错过哟！谢谢您的支持！&lt;/div&gt;\r\n&lt;div&gt;\r\n  &amp;nbsp;&lt;/div&gt;\r\n','服装','服装','服装');
INSERT INTO `si_category_description` VALUES (62,1,'笔记本','&lt;p&gt;\r\n 笔记本&lt;/p&gt;\r\n','笔记本','笔记本','笔记本');
INSERT INTO `si_category_description` VALUES (63,1,'台式机','&lt;p&gt;\r\n 台式机&lt;/p&gt;\r\n','','','');
INSERT INTO `si_category_description` VALUES (64,1,'女装','&lt;p&gt;\r\n  女装&lt;/p&gt;\r\n','','','');
INSERT INTO `si_category_description` VALUES (65,1,'男装','&lt;p&gt;\r\n  男装&lt;/p&gt;\r\n','','','');
INSERT INTO `si_category_description` VALUES (66,1,'手机','','','','');
INSERT INTO `si_category_description` VALUES (67,1,'智能手机','','','','');
INSERT INTO `si_category_description` VALUES (68,1,'平板','','','','');
INSERT INTO `si_category_description` VALUES (69,1,'化妆品','','','','');
INSERT INTO `si_category_description` VALUES (70,1,'香水','&lt;p&gt;\r\n  香水&lt;/p&gt;\r\n','','','');
INSERT INTO `si_category_description` VALUES (71,1,'面部护理','','','','');
INSERT INTO `si_category_description` VALUES (72,1,'家居家装','','','','');
INSERT INTO `si_category_description` VALUES (73,1,'灯具','','','','');
INSERT INTO `si_category_description` VALUES (74,1,'饮料','','','','');
INSERT INTO `si_category_description` VALUES (75,1,'红酒','','','','');
INSERT INTO `si_category_description` VALUES (76,1,'虚拟产品','&lt;p&gt;\r\n  虚拟产品&lt;/p&gt;\r\n','','','');
INSERT INTO `si_category_description` VALUES (77,1,'游戏点卡','','','','');
INSERT INTO `si_category_description` VALUES (78,1,'充值卡','','','','');
INSERT INTO `si_category_description` VALUES (79,1,'创意产品','','','','');
INSERT INTO `si_category_description` VALUES (80,1,'手工产品','','','','');


INSERT INTO `si_option_value_description` VALUES (52,1,2,'Checkbox 5');
INSERT INTO `si_option_value_description` VALUES (55,1,15,'绿色');
INSERT INTO `si_option_value_description` VALUES (54,1,15,'黄色');
INSERT INTO `si_option_value_description` VALUES (24,1,2,'Checkbox 2');
INSERT INTO `si_option_value_description` VALUES (23,1,2,'Checkbox 1');
INSERT INTO `si_option_value_description` VALUES (46,1,11,'S');
INSERT INTO `si_option_value_description` VALUES (47,1,11,'M');
INSERT INTO `si_option_value_description` VALUES (48,1,11,'L');
INSERT INTO `si_option_value_description` VALUES (53,1,15,'黑色');
INSERT INTO `si_option_value_description` VALUES (45,1,2,'Checkbox 4');
INSERT INTO `si_option_value_description` VALUES (44,1,2,'Checkbox 3');
INSERT INTO `si_option_value_description` VALUES (50,1,15,'红色');
INSERT INTO `si_option_value_description` VALUES (51,1,15,'白色');
INSERT INTO `si_option_value_description` VALUES (49,1,14,'序列号');


INSERT INTO `si_product_to_store` VALUES (30229,0);
INSERT INTO `si_product_to_store` VALUES (55169,0);
INSERT INTO `si_product_to_store` VALUES (55170,0);
INSERT INTO `si_product_to_store` VALUES (55171,0);
INSERT INTO `si_product_to_store` VALUES (55172,0);
INSERT INTO `si_product_to_store` VALUES (55173,0);
INSERT INTO `si_product_to_store` VALUES (55174,0);
INSERT INTO `si_product_to_store` VALUES (55175,0);
INSERT INTO `si_product_to_store` VALUES (55176,0);


INSERT INTO `si_voucher_theme` VALUES (8,'data/canon_eos_5d_2.jpg');
INSERT INTO `si_voucher_theme` VALUES (7,'data/gift-voucher-birthday.jpg');
INSERT INTO `si_voucher_theme` VALUES (6,'data/apple_logo.jpg');


INSERT INTO `si_product` VALUES (55176,'test-1','','','广州',10000,7,'data/demo/test-2-1.jpg',0,1,0.0100,0,0,'2012-08-08',0.50,1,0.00,0.00,0.00,1,1,1,1,1,'2012-08-09 14:35:21','0000-00-00 00:00:00',31);
INSERT INTO `si_product` VALUES (55175,'test-1','','','广州',10000,7,'data/demo/test-2-1.jpg',0,1,0.0100,0,0,'2012-08-08',0.50,1,0.00,0.00,0.00,1,1,1,1,1,'2012-08-09 14:35:21','0000-00-00 00:00:00',0);
INSERT INTO `si_product` VALUES (55174,'test-1','','','广州',10000,7,'data/demo/test-2-1.jpg',0,1,0.0100,0,0,'2012-08-08',0.50,1,0.00,0.00,0.00,1,1,1,1,1,'2012-08-09 14:35:17','0000-00-00 00:00:00',0);
INSERT INTO `si_product` VALUES (55173,'test-green','good-123','','',1000,7,'data/demo/test-1.jpg',0,1,0.0100,0,0,'2012-08-08',0.50,1,0.00,0.00,0.00,1,1,1,1,1,'2012-08-09 14:35:17','2012-08-13 14:51:21',1);
INSERT INTO `si_product` VALUES (55172,'test-green','','','',1000,7,'data/demo/test-1.jpg',0,1,0.0100,0,0,'2012-08-08',0.50,1,0.00,0.00,0.00,1,1,1,1,1,'2012-08-09 14:35:17','2012-08-13 14:51:28',0);
INSERT INTO `si_product` VALUES (55171,'test-green','','','',1000,7,'data/demo/test-1.jpg',0,1,0.0100,0,0,'2012-08-08',0.50,1,0.00,0.00,0.00,1,1,1,1,1,'2012-08-09 14:35:12','0000-00-00 00:00:00',15);
INSERT INTO `si_product` VALUES (55169,'test-1','','','广州',10000,7,'data/demo/test-2-1.jpg',0,1,0.0100,0,0,'2012-08-08',0.50,1,0.00,0.00,0.00,1,1,1,1,1,'2012-08-09 14:31:42','2012-08-09 14:33:51',2);
INSERT INTO `si_product` VALUES (55170,'test-green','','','',1000,7,'data/demo/test-1.jpg',0,1,0.0100,0,0,'2012-08-08',0.50,1,0.00,0.00,0.00,1,1,1,1,1,'2012-08-09 14:33:31','0000-00-00 00:00:00',7);

INSERT INTO `si_product_description` VALUES (55176,1,'测试数据-黄色款','&lt;p&gt;\r\n  测试数据-黄色款&lt;/p&gt;\r\n','测试数据 - 广州产 .黄色款xx','测试数据 - 广州产 .黄色款xx','测试数据 - 广州产 .黄色款xx');
INSERT INTO `si_product_description` VALUES (55175,1,'测试数据-黄色款','&lt;p&gt;\r\n  测试数据-黄色款&lt;/p&gt;\r\n','测试数据 - 广州产 .黄色款xx','测试数据 - 广州产 .黄色款xx','测试数据 - 广州产 .黄色款xx');
INSERT INTO `si_product_description` VALUES (55174,1,'测试数据-黄色款','&lt;p&gt;\r\n  测试数据-黄色款&lt;/p&gt;\r\n','测试数据 - 广州产 .黄色款xx','测试数据 - 广州产 .黄色款xx','测试数据 - 广州产 .黄色款xx');
INSERT INTO `si_product_description` VALUES (55173,1,'测试数据-绿色款','&lt;p&gt;\r\n  测试数据-绿色款&lt;/p&gt;\r\n','测试数据 - 绿色款','测试数据 - 绿色款','测试数据 - 绿色款');
INSERT INTO `si_product_description` VALUES (55172,1,'测试数据-绿色款','&lt;p&gt;\r\n  测试数据-绿色款&lt;/p&gt;\r\n','测试数据 - 绿色款','测试数据 - 绿色款','测试数据 - 绿色款');
INSERT INTO `si_product_description` VALUES (55171,1,'测试数据-绿色款','&lt;p&gt;\r\n  测试数据-绿色款&lt;/p&gt;\r\n','测试数据 - 绿色款','测试数据 - 绿色款','测试数据 - 绿色款');
INSERT INTO `si_product_description` VALUES (55170,1,'测试数据-绿色款','&lt;p&gt;\r\n  测试数据-绿色款&lt;/p&gt;\r\n','测试数据 - 绿色款','测试数据 - 绿色款','测试数据 - 绿色款');
INSERT INTO `si_product_description` VALUES (55169,1,'测试数据-黄色款','&lt;p&gt;\r\n  测试数据-黄色款&lt;/p&gt;\r\n','测试数据 - 广州产 .黄色款xx','测试数据 - 广州产 .黄色款xx','测试数据 - 广州产 .黄色款xx');

INSERT INTO `si_product_tag` VALUES (60639,30229,1,'测试数据1');
INSERT INTO `si_product_tag` VALUES (60640,30229,1,'测试数据2');


INSERT INTO `si_product_reward` VALUES (61077,30229,6,0);
INSERT INTO `si_product_reward` VALUES (61078,30229,8,100);
INSERT INTO `si_product_reward` VALUES (111002,55176,8,0);
INSERT INTO `si_product_reward` VALUES (111001,55176,6,0);
INSERT INTO `si_product_reward` VALUES (111000,55175,6,0);
INSERT INTO `si_product_reward` VALUES (110999,55175,8,0);
INSERT INTO `si_product_reward` VALUES (110998,55174,8,0);
INSERT INTO `si_product_reward` VALUES (110997,55174,6,0);
INSERT INTO `si_product_reward` VALUES (111004,55173,6,0);
INSERT INTO `si_product_reward` VALUES (111003,55173,8,0);
INSERT INTO `si_product_reward` VALUES (111006,55172,6,0);
INSERT INTO `si_product_reward` VALUES (111005,55172,8,0);
INSERT INTO `si_product_reward` VALUES (110992,55171,8,0);
INSERT INTO `si_product_reward` VALUES (110991,55171,6,0);
INSERT INTO `si_product_reward` VALUES (110990,55169,6,0);
INSERT INTO `si_product_reward` VALUES (110989,55169,8,0);
INSERT INTO `si_product_reward` VALUES (110988,55170,6,0);
INSERT INTO `si_product_reward` VALUES (110987,55170,8,0);


INSERT INTO `si_option_value` VALUES (52,2,5);
INSERT INTO `si_option_value` VALUES (24,2,2);
INSERT INTO `si_option_value` VALUES (55,15,5);
INSERT INTO `si_option_value` VALUES (54,15,4);
INSERT INTO `si_option_value` VALUES (23,2,1);
INSERT INTO `si_option_value` VALUES (44,2,3);
INSERT INTO `si_option_value` VALUES (48,11,3);
INSERT INTO `si_option_value` VALUES (47,11,2);
INSERT INTO `si_option_value` VALUES (46,11,1);
INSERT INTO `si_option_value` VALUES (49,14,1);
INSERT INTO `si_option_value` VALUES (53,15,3);
INSERT INTO `si_option_value` VALUES (50,15,1);
INSERT INTO `si_option_value` VALUES (45,2,4);
INSERT INTO `si_option_value` VALUES (51,15,2);